post_id,scraped_at,make,year,mileage,condition,transmission,fuel,title_status,actual_price,pred_price
7922394675,2026-04-06T11:00:28Z,chevrolet,2018,94000.0,2.0,1.0,0.0,4.0,9500.0,9276.52
7922401745,2026-04-06T10:00:33Z,chrysler,2023,20228.0,3.0,1.0,0.0,4.0,68993.0,29470.01
7922420256,2026-04-06T12:00:06Z,toyota,1998,168000.0,1.0,1.0,0.0,4.0,2600.0,3846.05
7922414018,2026-04-06T11:00:28Z,ford,2014,108456.0,3.0,1.0,0.0,4.0,5500.0,8529.16
7922490891,2026-04-06T12:00:06Z,amc,1963,57290.0,3.0,0.0,0.0,4.0,7000.0,22134.21
7922501024,2026-04-06T08:00:34Z,ford,1940,,3.0,1.0,0.0,4.0,44500.0,8144.51
7922483301,2026-04-06T05:00:07Z,pontiac,1977,64877.0,,0.0,0.0,4.0,59500.0,20083.01
7922393570,2026-04-06T05:00:07Z,nissan,2015,154800.0,3.0,1.0,0.0,4.0,8000.0,6697.36
7922507463,2026-04-06T07:00:17Z,mercedes-benz,2014,82595.0,,1.0,0.0,4.0,20900.0,19696.12
7922509088,2026-04-06T13:00:34Z,honda,2015,92417.0,,1.0,0.0,4.0,11950.0,9415.56
7922438841,2026-04-06T11:00:28Z,chevrolet,2008,250000.0,2.0,1.0,0.0,4.0,3800.0,4038.65
7922452370,2026-04-06T08:00:34Z,chevrolet,2002,168886.0,1.0,1.0,0.0,4.0,2500.0,3847.51
7922539723,2026-04-06T22:00:07Z,dodge,2002,150000.0,,1.0,0.0,4.0,3288.0,3699.8
7922410662,2026-04-06T12:00:06Z,toyota,2016,173177.0,2.0,1.0,2.0,4.0,9499.0,8897.46
7922507203,2026-04-06T12:00:06Z,ford,2013,108356.0,,1.0,0.0,4.0,12900.0,14327.31
7922409847,2026-04-06T09:00:11Z,volkswagen,2013,108000.0,3.0,1.0,0.0,4.0,6200.0,8815.01
7922507523,2026-04-06T05:00:07Z,audi,2019,71241.0,,1.0,0.0,4.0,13800.0,16819.02
7922507293,2026-04-06T07:00:17Z,ram,2011,129550.0,,1.0,0.0,4.0,9700.0,9780.93
7922509063,2026-04-06T23:00:08Z,acura,2018,72433.0,2.0,1.0,0.0,4.0,17990.0,16246.71
7922588531,2026-04-06T16:00:06Z,chevrolet,2020,113946.0,3.0,1.0,0.0,4.0,21900.0,13239.2
7922589046,2026-04-06T21:00:06Z,toyota,2012,160899.0,3.0,1.0,0.0,4.0,8500.0,8623.55
7922548329,2026-04-06T20:00:05Z,chevrolet,1985,59000.0,3.0,1.0,0.0,4.0,25500.0,52655.95
7922613194,2026-04-06T17:00:05Z,ford,2011,105405.0,3.0,0.0,0.0,4.0,10900.0,13515.46
7922588436,2026-04-06T08:00:34Z,toyota,2016,141229.0,3.0,1.0,2.0,4.0,13900.0,11363.42
7922606224,2026-04-06T23:00:08Z,honda,2010,80000.0,2.0,1.0,0.0,4.0,25000.0,19022.46
7922588869,2026-04-06T05:00:07Z,subaru,2018,188779.0,3.0,1.0,0.0,4.0,6900.0,5887.93
7922590371,2026-04-06T23:00:08Z,mercedes benz,2013,148609.0,3.0,1.0,0.0,4.0,9900.0,10785.22
7922673481,2026-04-06T08:00:34Z,chrysler,2012,166000.0,2.0,1.0,0.0,4.0,1550.0,3913.39
7922688678,2026-04-06T16:00:06Z,honda,2012,150492.0,3.0,1.0,0.0,4.0,6900.0,6434.59
7922507872,2026-04-06T19:00:05Z,chevrolet,2014,142168.0,,1.0,0.0,4.0,14600.0,11026.21
7922588638,2026-04-06T12:00:06Z,subaru,2015,150818.0,3.0,1.0,0.0,4.0,6900.0,6561.47
7922725779,2026-04-06T16:00:06Z,dodge,2002,150000.0,,1.0,0.0,4.0,3288.0,3699.8
7922731916,2026-04-06T13:00:34Z,ford,2005,312000.0,2.0,1.0,1.0,4.0,14900.0,11204.25
7922723123,2026-04-06T10:00:33Z,lexus,2018,19539.0,3.0,1.0,0.0,4.0,48920.0,39114.24
7922588288,2026-04-06T04:00:06Z,toyota,2017,98165.0,3.0,1.0,0.0,4.0,14700.0,8965.05
7922714644,2026-04-06T21:00:06Z,chevy,2007,66000.0,2.0,1.0,0.0,4.0,7500.0,10882.23
7922764895,2026-04-06T23:00:08Z,saab,2006,145000.0,2.0,1.0,0.0,4.0,3200.0,6092.18
7922732721,2026-04-06T20:00:05Z,chevrolet,2012,132567.0,3.0,1.0,0.0,4.0,3995.0,7665.48
7922723740,2026-04-06T19:00:05Z,ford,2018,71621.0,3.0,1.0,0.0,4.0,29920.0,20451.64
7922813805,2026-04-06T15:00:41Z,honda,2015,149000.0,3.0,1.0,0.0,4.0,7500.0,8536.12
7922815041,2026-04-06T18:00:46Z,jeep,2015,129000.0,3.0,1.0,0.0,4.0,5500.0,9050.21
7922860906,2026-04-06T22:00:07Z,chevrolet,1983,25257.0,2.0,1.0,0.0,4.0,3550.0,41729.97
7922811843,2026-04-06T17:00:05Z,chevy,2011,165000.0,2.0,1.0,0.0,4.0,2999.0,3970.9
7922825064,2026-04-06T21:00:06Z,audi,2009,215000.0,1.0,0.0,0.0,4.0,2500.0,3702.04
7922872400,2026-04-06T08:00:34Z,chrysler,2004,93000.0,3.0,1.0,0.0,4.0,7500.0,9236.58
7922813137,2026-04-06T22:00:07Z,honda,2009,120000.0,3.0,1.0,0.0,4.0,5999.0,7351.96
7922888909,2026-04-06T23:00:08Z,dodge,2002,150000.0,2.0,1.0,0.0,4.0,3288.0,3924.44
7922927030,2026-04-06T23:00:08Z,chevrolet,2008,167190.0,3.0,1.0,0.0,4.0,7999.0,7903.43
7922888763,2026-04-06T21:00:06Z,buick,2005,104000.0,,1.0,0.0,4.0,2800.0,9295.05
7922899953,2026-04-06T22:00:07Z,subaru,2023,113437.0,3.0,1.0,0.0,4.0,19900.0,9570.73
7922869991,2026-04-06T23:00:08Z,ram,2017,173128.0,3.0,1.0,0.0,4.0,14500.0,6977.18
7922810985,2026-04-06T20:00:05Z,bmw,2014,113000.0,2.0,1.0,0.0,2.0,6999.0,9124.08
7922939454,2026-04-06T22:00:07Z,ram,2024,25.0,3.0,1.0,0.0,4.0,88993.0,91014.32
7922970432,2026-04-06T23:00:08Z,mercedez-benz,2004,80982.0,3.0,1.0,0.0,4.0,8995.0,21166.15
7922955918,2026-04-06T18:00:46Z,ford,2000,197000.0,2.0,0.0,0.0,4.0,3900.0,4410.47
7922959941,2026-04-06T20:00:05Z,chevrolet,1976,139000.0,3.0,1.0,0.0,4.0,25000.0,10866.12
7923015219,2026-04-06T20:00:05Z,nissan,2010,163117.0,2.0,1.0,0.0,4.0,4500.0,3995.48
7923005029,2026-04-06T18:00:46Z,mazda,2012,172000.0,3.0,1.0,0.0,4.0,3800.0,6232.0
7923062721,2026-04-06T18:00:46Z,honda,2013,112885.0,3.0,1.0,0.0,4.0,7999.0,9313.67
7923189477,2026-04-06T18:00:46Z,lexus,2013,168000.0,3.0,1.0,0.0,4.0,9800.0,7722.06
7923197043,2026-04-06T21:00:06Z,subaru,2015,154359.0,2.0,1.0,0.0,4.0,9998.0,9544.94
7923121216,2026-04-06T23:00:08Z,dodge,2002,150000.0,,1.0,0.0,4.0,3288.0,3699.8
7923252224,2026-04-06T16:00:06Z,hyundia,2010,133500.0,2.0,1.0,0.0,4.0,3300.0,5290.91
7923269508,2026-04-06T23:00:08Z,chevrolet,2018,135100.0,2.0,1.0,0.0,4.0,12800.0,5382.68
7923269564,2026-04-06T21:00:06Z,audi,2014,129400.0,2.0,1.0,,4.0,9800.0,8376.52
7923254716,2026-04-06T22:00:07Z,hyandia,2010,133500.0,2.0,1.0,0.0,4.0,3300.0,5290.91
7923327561,2026-04-06T14:00:45Z,dodge,2002,150000.0,,1.0,0.0,4.0,3288.0,3699.8
7923202182,2026-04-06T23:00:08Z,chevy,1986,1234567.0,2.0,1.0,0.0,4.0,6000.0,5239.95
7923269589,2026-04-06T18:00:46Z,cadillac,2015,80600.0,2.0,1.0,0.0,4.0,13800.0,17268.13
7923278051,2026-04-06T07:00:17Z,nissan,2014,117455.0,,1.0,0.0,4.0,6488.0,5569.3
7923269623,2026-04-06T22:00:07Z,bmw,2016,100300.0,2.0,1.0,0.0,4.0,14800.0,12623.29
7923329866,2026-04-06T12:00:06Z,honda,2011,56000.0,3.0,1.0,,4.0,3400.0,12576.88
7923178106,2026-04-06T23:00:08Z,subaru,2013,150000.0,2.0,1.0,0.0,4.0,3900.0,8386.33
7923207597,2026-04-06T19:00:05Z,subaru,2015,179079.0,3.0,1.0,0.0,4.0,7400.0,7721.3
7923269547,2026-04-06T20:00:05Z,volkswagen,2015,141800.0,2.0,1.0,0.0,4.0,6800.0,5197.81
7923189849,2026-04-06T22:00:07Z,honda,2015,74500.0,3.0,1.0,0.0,2.0,9000.0,17913.29
7923484982,2026-04-06T21:00:06Z,toyota,2009,70000.0,3.0,1.0,0.0,4.0,9000.0,19147.18
7923518061,2026-04-06T22:00:07Z,nissan,2016,114000.0,3.0,1.0,0.0,4.0,9885.0,7223.73
7923549869,2026-04-06T20:00:05Z,acura,2001,121327.0,2.0,1.0,0.0,4.0,4300.0,6540.7
7923559798,2026-04-06T20:00:05Z,dodge,2002,150000.0,,1.0,0.0,4.0,3288.0,3699.8
7923457320,2026-04-06T23:00:08Z,lexus,2013,79000.0,3.0,1.0,0.0,4.0,14950.0,20869.73
7923573368,2026-04-06T23:00:08Z,nissan,2013,103000.0,2.0,1.0,0.0,4.0,9500.0,8453.99
7923525504,2026-04-06T20:00:05Z,nissan,2012,140000.0,3.0,1.0,0.0,4.0,5000.0,4591.72
7923545896,2026-04-06T23:00:08Z,toyota,2018,133333.0,3.0,1.0,0.0,4.0,12450.0,9520.91
7923643535,2026-04-06T22:00:07Z,volvo,2013,101000.0,3.0,1.0,0.0,4.0,5485.0,9256.15
7923627347,2026-04-06T22:00:07Z,volkswagen,2023,22500.0,3.0,1.0,0.0,4.0,20000.0,21374.36
7923649180,2026-04-06T21:00:06Z,ram,2020,46500.0,3.0,1.0,0.0,4.0,26500.0,15207.67
7923687600,2026-04-06T17:00:05Z,mercedes-benz,2015,124948.0,3.0,1.0,0.0,4.0,10950.0,10241.7
7923650746,2026-04-06T23:00:08Z,chevy,2011,200000.0,2.0,0.0,0.0,4.0,3300.0,6472.19
7923722098,2026-04-06T20:00:05Z,chrysler,2015,51345.0,,1.0,0.0,4.0,28900.0,31002.81
7923456476,2026-04-06T07:00:17Z,kia,2012,95000.0,2.0,1.0,0.0,4.0,3995.0,8846.18
7923757298,2026-04-06T22:00:07Z,nissan,2012,267000.0,1.0,1.0,0.0,4.0,1000.0,3531.45
7923778321,2026-04-06T18:00:46Z,chevrolet,2009,140000.0,,1.0,0.0,4.0,3000.0,4856.78
7923838233,2026-04-06T16:00:06Z,subaru,2015,174302.0,2.0,1.0,0.0,4.0,9998.0,4445.85
7923845755,2026-04-06T18:00:46Z,vw,2014,173000.0,3.0,1.0,0.0,4.0,4200.0,7443.63
7923854316,2026-04-06T18:00:46Z,chevy,2004,188000.0,2.0,1.0,0.0,4.0,3500.0,5373.01
7923855738,2026-04-06T21:00:06Z,acura,2008,144000.0,2.0,1.0,0.0,2.0,3800.0,5923.25
7923846364,2026-04-06T13:00:34Z,jeep,2014,163000.0,3.0,0.0,0.0,4.0,8000.0,7686.47
7923863990,2026-04-06T21:00:06Z,fiat,2012,37851.0,3.0,0.0,0.0,4.0,7999.0,13478.06
7923916683,2026-04-06T18:00:46Z,audi,2016,161000.0,1.0,1.0,0.0,4.0,1600.0,6570.06
7923948506,2026-04-06T19:00:05Z,ford,2015,119500.0,2.0,1.0,0.0,4.0,7800.0,6726.75
7923948525,2026-04-06T22:00:07Z,ford,2018,137100.0,2.0,1.0,0.0,4.0,10800.0,5106.71
7923912455,2026-04-06T21:00:06Z,audi,2019,42250.0,3.0,1.0,0.0,4.0,17000.0,25789.47
7923952902,2026-04-06T19:00:05Z,subaru,1998,260000.0,2.0,0.0,0.0,4.0,1550.0,3639.81
7923896699,2026-04-06T18:00:46Z,chevy,2006,111000.0,3.0,1.0,0.0,4.0,6750.0,9900.39
7923914038,2026-04-06T19:00:05Z,ford,1997,131000.0,2.0,1.0,0.0,4.0,5500.0,6979.41
7923948552,2026-04-06T17:00:05Z,hyundai,2013,114100.0,2.0,1.0,0.0,4.0,6800.0,7486.85
7923932390,2026-04-06T22:00:07Z,subaru,2011,190000.0,2.0,1.0,0.0,4.0,3750.0,6286.68
7923842626,2026-04-06T15:00:41Z,chrysler,2013,163000.0,3.0,1.0,0.0,4.0,4900.0,7555.24
7923939433,2026-04-06T16:00:06Z,jeep,2009,117810.0,2.0,1.0,0.0,4.0,6800.0,10021.84
7923882371,2026-04-06T22:00:07Z,lexus,2021,125753.0,3.0,1.0,0.0,4.0,21900.0,9230.93
7924005476,2026-04-06T12:00:06Z,dodge,2002,150000.0,2.0,1.0,0.0,4.0,3288.0,3924.44
7923911742,2026-04-06T21:00:06Z,ford,2000,104000.0,2.0,1.0,0.0,4.0,3500.0,13330.57
7924043271,2026-04-06T06:00:17Z,chevrolet,2005,215000.0,2.0,1.0,0.0,4.0,5800.0,4966.92
7923844048,2026-04-06T23:00:08Z,dodge,2016,180000.0,3.0,1.0,0.0,4.0,5000.0,7030.26
7924057907,2026-04-06T19:00:05Z,ford,2025,87.0,3.0,1.0,0.0,4.0,139500.0,91014.32
7924062938,2026-04-06T18:00:46Z,chevy,2008,242000.0,2.0,1.0,0.0,4.0,8500.0,3685.15
7924074050,2026-04-06T19:00:05Z,toyota,2015,159707.0,3.0,1.0,0.0,4.0,12900.0,10142.43
7924070470,2026-04-06T17:00:05Z,lexus,2019,149541.0,3.0,1.0,0.0,4.0,20900.0,10495.52
7924073272,2026-04-06T18:00:46Z,bmw,2011,96000.0,2.0,1.0,0.0,4.0,7485.0,9040.29
7924073386,2026-04-06T15:00:41Z,cadillac,2014,130000.0,3.0,1.0,0.0,4.0,6485.0,9450.15
7923838194,2026-04-06T21:00:06Z,subaru,2018,136170.0,2.0,1.0,0.0,4.0,13998.0,7260.74
7924070156,2026-04-06T16:00:06Z,jeep,2012,114000.0,3.0,1.0,0.0,4.0,6885.0,15585.74
7924062352,2026-04-06T16:00:06Z,subaru,2015,183000.0,3.0,1.0,0.0,4.0,4800.0,7695.54
7924202834,2026-04-06T23:00:08Z,dodge,2002,150000.0,,1.0,0.0,4.0,3288.0,3699.8
7924224802,2026-04-06T23:00:08Z,chevy,2013,85000.0,2.0,1.0,0.0,4.0,5495.0,8402.72
7924159050,2026-04-06T23:00:08Z,ford,1967,,2.0,0.0,0.0,4.0,5000.0,7665.41
7924262826,2026-04-06T22:00:07Z,volvo,1990,252300.0,1.0,1.0,0.0,4.0,1200.0,3583.23
7924224692,2026-04-06T15:00:41Z,chevy,2013,138000.0,2.0,1.0,0.0,4.0,4950.0,4861.52
7924240885,2026-04-06T15:00:41Z,mini,2008,134000.0,3.0,1.0,0.0,4.0,3500.0,5947.46
7924305807,2026-04-06T13:00:34Z,ford,1958,100000.0,,0.0,0.0,4.0,6000.0,8611.04
7924302851,2026-04-06T10:00:33Z,lexus,2018,19539.0,3.0,1.0,0.0,4.0,48955.0,39114.24
7924340657,2026-04-06T16:00:06Z,subaru,2015,175019.0,3.0,1.0,0.0,4.0,6900.0,7948.35
7924302745,2026-04-06T22:00:07Z,toyota,2001,273000.0,1.0,1.0,0.0,4.0,4000.0,4660.17
7924375576,2026-04-06T22:00:07Z,cadillac,2012,170000.0,3.0,1.0,0.0,4.0,7995.0,5602.79
7924303723,2026-04-06T15:00:41Z,ford,2018,71621.0,3.0,1.0,0.0,4.0,29955.0,20451.64
7924338874,2026-04-06T23:00:08Z,honda,2012,136000.0,3.0,1.0,0.0,4.0,3500.0,5912.89
7924376322,2026-04-06T17:00:05Z,dodge,2002,150000.0,,1.0,0.0,4.0,3288.0,3699.8
7924386182,2026-04-06T11:00:28Z,toyota,2012,93250.0,3.0,1.0,0.0,4.0,13800.0,8980.99
7924429406,2026-04-06T20:00:05Z,kia,2018,170000.0,3.0,1.0,0.0,4.0,4200.0,6296.69
7924445814,2026-04-06T23:00:08Z,ram,2019,201000.0,2.0,1.0,0.0,4.0,8500.0,3867.47
7924437904,2026-04-06T09:00:11Z,infiniti,2013,139000.0,2.0,1.0,0.0,4.0,6885.0,4836.44
7924494256,2026-04-06T22:00:07Z,chevrolet,2007,136320.0,2.0,1.0,0.0,4.0,2995.0,5098.9
7924591429,2026-04-06T14:00:45Z,chevrolet,2005,66167.0,2.0,1.0,0.0,4.0,25993.0,13352.2
7924599111,2026-04-06T07:00:17Z,ford,2002,131000.0,3.0,1.0,0.0,4.0,10399.0,6768.97
7924615716,2026-04-06T23:00:08Z,mercedes benz,2002,200000.0,2.0,1.0,0.0,4.0,2500.0,6478.08
7924639916,2026-04-06T17:00:05Z,nissan,2006,135000.0,2.0,1.0,0.0,4.0,2000.0,4601.86
7924590168,2026-04-06T23:00:08Z,ford,1987,79000.0,2.0,0.0,0.0,4.0,7500.0,18178.36
7924562729,2026-04-06T23:00:08Z,subaru,2011,150000.0,3.0,1.0,0.0,4.0,6000.0,6464.91
7924601339,2026-04-06T18:00:46Z,dodge,2002,150000.0,,1.0,0.0,4.0,3288.0,3699.8
7924663819,2026-04-06T23:00:08Z,hyundai,2013,220000.0,2.0,1.0,0.0,4.0,3700.0,3635.42
7924666742,2026-04-06T20:00:05Z,chevrolet,2015,126474.0,,1.0,0.0,4.0,15900.0,13780.62
7924660924,2026-04-06T07:00:17Z,subaru,2016,147973.0,2.0,0.0,0.0,4.0,9998.0,8235.18
7924667042,2026-04-06T04:00:06Z,lexus,2011,115212.0,,1.0,0.0,4.0,13500.0,14248.14
7924687780,2026-04-06T14:00:45Z,honda,2014,150000.0,3.0,1.0,0.0,4.0,6999.0,6426.62
7924667000,2026-04-06T16:00:06Z,chevrolet,1956,1250.0,,0.0,0.0,4.0,175000.0,94031.05
7924685016,2026-04-06T22:00:07Z,chevy,1997,130000.0,2.0,1.0,0.0,4.0,15900.0,6605.4
7924685857,2026-04-06T22:00:07Z,chevrolet,2010,280000.0,2.0,1.0,0.0,4.0,4800.0,3711.31
7924666965,2026-04-06T08:00:34Z,chevrolet,1969,4664.0,,1.0,0.0,4.0,59000.0,69782.03
7924752722,2026-04-06T11:00:28Z,chevy,2008,170484.0,2.0,1.0,0.0,4.0,8995.0,5460.19
7924666730,2026-04-06T10:00:33Z,hyundai,2023,108905.0,,1.0,0.0,4.0,16750.0,13730.23
7924666974,2026-04-06T10:00:33Z,bmw,2018,86540.0,,1.0,0.0,4.0,13500.0,9277.49
7924810376,2026-04-06T13:00:34Z,mercedes-benz,2016,200489.0,3.0,1.0,1.0,4.0,12000.0,9412.89
7924813991,2026-04-06T11:00:28Z,dodge,2002,150000.0,2.0,1.0,0.0,4.0,3288.0,3924.44
7924666673,2026-04-06T14:00:45Z,land rover,2018,93146.0,,1.0,0.0,4.0,20950.0,17539.48
7924825235,2026-04-06T12:00:06Z,honda,2012,159543.0,3.0,1.0,0.0,4.0,5995.0,8250.37
7924831703,2026-04-06T10:00:33Z,toyota,2009,127000.0,2.0,1.0,2.0,4.0,6485.0,13781.42
7924892871,2026-04-06T15:00:41Z,toyota,2011,190000.0,2.0,1.0,0.0,4.0,7500.0,5373.01
7924967328,2026-04-06T16:00:06Z,bmw,2018,100000.0,2.0,1.0,0.0,4.0,20999.0,12619.47
7925003013,2026-04-06T17:00:05Z,jaguar,1950,51000.0,3.0,0.0,0.0,4.0,85000.0,26135.55
7925022585,2026-04-06T23:00:08Z,saturn,2007,165000.0,3.0,1.0,0.0,4.0,3200.0,7592.51
7923488225,2026-04-06T16:00:06Z,saturn,2007,165000.0,3.0,1.0,0.0,4.0,5700.0,7592.51
7925043371,2026-04-06T23:00:08Z,chevy,2012,160000.0,3.0,1.0,0.0,4.0,5000.0,8319.41
7924922065,2026-04-06T11:00:28Z,ford,1987,79000.0,1.0,0.0,0.0,4.0,7500.0,18076.25
7925055107,2026-04-06T20:00:05Z,dodge,2002,150000.0,,1.0,0.0,4.0,3288.0,3699.8
7925084301,2026-04-06T22:00:07Z,ford,2013,164000.0,,1.0,0.0,4.0,44995.0,8230.46
7925133149,2026-04-06T22:00:07Z,ford,1976,40000.0,3.0,1.0,0.0,4.0,4000.0,23929.13
7925163610,2026-04-06T21:00:06Z,subaru,2016,185000.0,3.0,1.0,0.0,4.0,7500.0,5892.43
7925184822,2026-04-06T23:00:08Z,ford,2017,56588.0,3.0,1.0,0.0,4.0,8300.0,12600.55
7925234660,2026-04-06T19:00:05Z,ford,2016,199000.0,3.0,1.0,0.0,4.0,4500.0,4263.92
7925240722,2026-04-06T11:00:28Z,subaru,2013,185000.0,3.0,1.0,0.0,4.0,3500.0,5960.05
7925251829,2026-04-06T07:00:17Z,volvo,2016,126000.0,3.0,1.0,0.0,4.0,8885.0,9039.51
7925252175,2026-04-06T20:00:05Z,bmw,2015,142000.0,3.0,1.0,0.0,4.0,8985.0,10721.96
7925231411,2026-04-06T11:00:28Z,chevrolet,2001,246000.0,2.0,1.0,1.0,,5000.0,11067.91
7925251911,2026-04-06T19:00:05Z,volvo,2012,151000.0,3.0,1.0,0.0,4.0,5485.0,6062.12
7925186421,2026-04-06T19:00:05Z,toyota,2016,181790.0,3.0,1.0,0.0,4.0,18900.0,6213.9
7925305637,2026-04-06T10:00:33Z,infiniti,2018,139096.0,,1.0,0.0,4.0,14850.0,13464.85
7925112720,2026-04-06T20:00:05Z,bmw,2001,79700.0,3.0,1.0,0.0,4.0,14000.0,18477.7
7925273874,2026-04-06T18:00:46Z,dodge,2002,150000.0,2.0,1.0,0.0,4.0,3288.0,3924.44
7925305573,2026-04-06T05:00:07Z,chevrolet,1988,69541.0,,1.0,0.0,4.0,17500.0,25128.35
7925306908,2026-04-06T09:00:11Z,bmw,2018,79633.0,,1.0,0.0,4.0,15500.0,17705.78
7925305513,2026-04-06T23:00:08Z,land rover,2017,95262.0,,1.0,0.0,4.0,16900.0,17019.74
7925305560,2026-04-06T23:00:08Z,land rover,2018,101615.0,,1.0,0.0,4.0,31900.0,16961.67
7925306939,2026-04-06T05:00:07Z,chevrolet,1966,59985.0,,1.0,0.0,4.0,69500.0,53218.54
7925306944,2026-04-06T09:00:11Z,dodge,2016,48019.0,,1.0,0.0,4.0,12850.0,13905.68
7925286956,2026-04-06T20:00:05Z,jeep,1995,174000.0,2.0,0.0,0.0,,5000.0,4380.5
7925305585,2026-04-06T04:00:06Z,ford,2014,91374.0,,1.0,0.0,4.0,12300.0,9938.09
7925305601,2026-04-06T12:00:06Z,honda,2016,120070.0,,1.0,0.0,4.0,12990.0,14202.7
7925306875,2026-04-06T06:00:17Z,dodge,2019,54917.0,,1.0,0.0,4.0,10800.0,18728.17
7925306918,2026-04-06T11:00:28Z,nissan,2020,82675.0,,1.0,0.0,4.0,13800.0,16255.5
7925306897,2026-04-06T12:00:06Z,ford,2015,92276.0,,1.0,0.0,4.0,10850.0,9002.38
7923562891,2026-04-06T22:00:07Z,ford,2005,142350.0,2.0,0.0,0.0,4.0,8000.0,7052.88
7925305645,2026-04-06T05:00:07Z,lexus,2006,131986.0,,1.0,0.0,4.0,8900.0,9685.37
7925306868,2026-04-06T10:00:33Z,ford,2017,106743.0,,1.0,0.0,4.0,18995.0,17550.88
7925306888,2026-04-06T10:00:33Z,ford,2020,35125.0,,1.0,0.0,4.0,14850.0,18768.05
7925336798,2026-04-06T13:00:34Z,subaru,2015,132799.0,2.0,1.0,0.0,4.0,10998.0,8143.12
7925305626,2026-04-06T12:00:06Z,gmc,2018,153518.0,,1.0,0.0,4.0,15990.0,10990.77
7925336756,2026-04-06T21:00:06Z,subaru,2017,124781.0,2.0,1.0,0.0,4.0,10998.0,9331.96
7925354008,2026-04-06T23:00:08Z,hyundai,2013,130000.0,3.0,1.0,0.0,4.0,4700.0,6521.1
7925355433,2026-04-06T22:00:07Z,chevy,1978,75000.0,3.0,1.0,0.0,4.0,5500.0,23363.51
7925305495,2026-04-06T12:00:06Z,toyota,2013,100775.0,,1.0,2.0,4.0,14800.0,13444.46
7925348581,2026-04-06T22:00:07Z,bmw,2012,71000.0,3.0,1.0,0.0,4.0,7985.0,17386.24
7925306928,2026-04-06T08:00:34Z,honda,2015,130759.0,,1.0,0.0,4.0,9400.0,8959.08
7925357523,2026-04-06T17:00:05Z,toyota,2008,222789.0,2.0,1.0,0.0,4.0,2400.0,3699.15
7925348793,2026-04-06T23:00:08Z,mercedes-benz,2015,130000.0,3.0,1.0,0.0,4.0,9885.0,10167.91
7925356182,2026-04-06T22:00:07Z,audi,2019,42250.0,3.0,1.0,0.0,4.0,17000.0,25789.47
7925422877,2026-04-06T16:00:06Z,acura,2012,166000.0,3.0,1.0,0.0,4.0,7900.0,8078.84
7925433618,2026-04-06T19:00:05Z,acura,2022,30000.0,,1.0,0.0,4.0,2000.0,5249.67
7925445118,2026-04-06T21:00:06Z,ford,2000,50000.0,2.0,1.0,0.0,4.0,6500.0,20885.35
7925411755,2026-04-06T22:00:07Z,volkswagen,2008,158000.0,1.0,0.0,0.0,4.0,2000.0,4716.15
7925331759,2026-04-06T21:00:06Z,subaru,2014,212700.0,3.0,1.0,0.0,4.0,3200.0,3712.62
7925501885,2026-04-06T20:00:05Z,dodge,2002,150000.0,,1.0,0.0,4.0,3288.0,3699.8
7925306856,2026-04-06T04:00:06Z,mercedes-benz,2015,123897.0,2.0,1.0,0.0,4.0,8800.0,6499.24
7925530133,2026-04-06T16:00:06Z,honda,2008,166000.0,2.0,1.0,0.0,4.0,5900.0,3805.38
7925559046,2026-04-06T14:00:45Z,infinity,2010,128000.0,3.0,1.0,0.0,4.0,6200.0,8026.95
7925565239,2026-04-06T22:00:07Z,ford,2013,181000.0,,1.0,0.0,4.0,6505.0,7519.4
7925577632,2026-04-06T14:00:45Z,lexus,2007,164379.0,3.0,1.0,0.0,4.0,10900.0,9061.85
7925568448,2026-04-06T18:00:46Z,nissan,2010,109000.0,3.0,1.0,0.0,4.0,5985.0,8347.83
7925596247,2026-04-06T21:00:06Z,chevrolet,2012,67592.0,,1.0,0.0,4.0,14850.0,26005.85
7925568460,2026-04-06T04:00:06Z,subaru,2016,165728.0,2.0,1.0,0.0,4.0,9599.0,4148.93
7925596287,2026-04-06T22:00:07Z,chevrolet,2012,130790.0,,1.0,0.0,4.0,14950.0,10095.98
7925617515,2026-04-06T19:00:05Z,mazda,2020,38563.0,3.0,1.0,0.0,4.0,17200.0,22100.41
7925619053,2026-04-06T18:00:46Z,ford,2016,88133.0,3.0,1.0,0.0,4.0,5900.0,7627.3
7925619387,2026-04-06T16:00:06Z,chevy,2016,90000.0,3.0,1.0,0.0,4.0,2000.0,4282.83
7925551829,2026-04-06T15:00:41Z,mercedes-benz,2015,55526.0,3.0,1.0,0.0,4.0,7400.0,12560.2
7925596210,2026-04-06T18:00:46Z,ram,2016,142654.0,,1.0,0.0,4.0,29900.0,10676.6
7925618185,2026-04-06T23:00:08Z,infiniti,2013,89281.0,3.0,1.0,0.0,4.0,9900.0,9266.56
7925618560,2026-04-06T16:00:06Z,subaru,2014,124824.0,3.0,1.0,0.0,4.0,10900.0,9357.7
7925617529,2026-04-06T18:00:46Z,hyundai,2019,121000.0,3.0,1.0,0.0,4.0,7900.0,7091.38
7925618367,2026-04-06T19:00:05Z,nissan,2013,121347.0,3.0,0.0,0.0,4.0,3500.0,4594.21
7925618922,2026-04-06T21:00:06Z,volkswagen,2014,85972.0,3.0,1.0,0.0,4.0,8900.0,8880.89
7925625070,2026-04-06T19:00:05Z,subaru,2019,114950.0,3.0,1.0,0.0,4.0,13900.0,9743.56
7925601983,2026-04-06T10:00:33Z,hyundai,2019,145143.0,,1.0,0.0,4.0,8975.0,6961.95
7925602918,2026-04-06T20:00:05Z,tesla,2021,61000.0,3.0,1.0,3.0,4.0,5000.0,6390.43
7925601939,2026-04-06T21:00:06Z,ford,2015,264719.0,,1.0,1.0,4.0,16900.0,9147.3
7925617373,2026-04-06T16:00:06Z,kia,2014,123296.0,3.0,1.0,0.0,4.0,5900.0,7749.65
7925673628,2026-04-06T22:00:07Z,volkswagen,2010,191000.0,3.0,0.0,0.0,4.0,3000.0,6448.65
7925662162,2026-04-06T14:00:45Z,toyota,2003,258000.0,1.0,1.0,0.0,4.0,1800.0,3499.22
7925637008,2026-04-06T23:00:08Z,jeep,2006,130000.0,2.0,1.0,0.0,4.0,3950.0,5096.61
7925617774,2026-04-06T23:00:08Z,honda,2014,130000.0,3.0,1.0,0.0,4.0,11900.0,9450.15
7925618752,2026-04-06T20:00:05Z,hyundai,2014,118290.0,3.0,1.0,0.0,4.0,7900.0,7099.3
7925687438,2026-04-06T22:00:07Z,dodge,2020,89000.0,3.0,1.0,0.0,4.0,12500.0,9646.26
7925619188,2026-04-06T19:00:05Z,subaru,2018,173000.0,3.0,1.0,0.0,4.0,9900.0,7579.24
7925718503,2026-04-06T20:00:05Z,subaru,2016,59000.0,3.0,1.0,0.0,3.0,13000.0,19930.65
7925591785,2026-04-06T23:00:08Z,porsche,2017,78600.0,3.0,1.0,0.0,4.0,18300.0,19144.0
7925568443,2026-04-06T21:00:06Z,subaru,2016,136978.0,2.0,1.0,0.0,4.0,11998.0,7282.42
7925683896,2026-04-06T21:00:06Z,dodge,2002,150000.0,,1.0,0.0,4.0,3288.0,3699.8
7925718718,2026-04-06T19:00:05Z,vw,2012,145400.0,1.0,0.0,0.0,4.0,2500.0,6257.08
7925617922,2026-04-06T12:00:06Z,jeep,2015,81802.0,3.0,1.0,0.0,4.0,9900.0,19661.63
7925661646,2026-04-06T23:00:08Z,chevy,1986,1234567.0,2.0,1.0,0.0,4.0,6000.0,5239.95
7925748951,2026-04-06T21:00:06Z,jeep,2014,91437.0,3.0,1.0,0.0,4.0,9450.0,9243.47
7925747163,2026-04-06T15:00:41Z,toyota,2017,44604.0,3.0,1.0,0.0,4.0,4000.0,32238.9
7925776464,2026-04-06T20:00:05Z,honda,2020,20000.0,3.0,1.0,0.0,4.0,2000.0,11874.5
7925776507,2026-04-06T21:00:06Z,chevy,2016,90000.0,3.0,1.0,0.0,4.0,2000.0,4282.83
7925757414,2026-04-06T23:00:08Z,mitsubishi,2017,33587.0,3.0,1.0,1.0,4.0,34500.0,13804.09
7925765296,2026-04-06T22:00:07Z,kia,2015,128879.0,3.0,1.0,0.0,4.0,7500.0,6909.04
7925776290,2026-04-06T22:00:07Z,tesla,2021,61000.0,3.0,1.0,3.0,4.0,5000.0,6390.43
7925776376,2026-04-06T11:00:28Z,chevy,2016,90000.0,3.0,1.0,0.0,4.0,2000.0,4282.83
7925830296,2026-04-06T23:00:08Z,chrysler,2026,25.0,3.0,1.0,0.0,4.0,74495.0,91014.32
7925776266,2026-04-06T08:00:34Z,toyota,2018,33000.0,3.0,1.0,0.0,4.0,2000.0,6727.15
7925869882,2026-04-06T22:00:07Z,mitsubishi,2009,220000.0,2.0,1.0,1.0,4.0,8000.0,11509.49
7925854156,2026-04-06T16:00:06Z,dodge,2002,150000.0,2.0,1.0,0.0,4.0,3288.0,4037.09
7925871301,2026-04-06T23:00:08Z,saab,1991,216000.0,1.0,0.0,0.0,4.0,900.0,3646.99
7925870629,2026-04-06T23:00:08Z,bedrock,2022,1000.0,,1.0,0.0,4.0,3500.0,91014.32
7925880745,2026-04-06T22:00:07Z,gmc,2019,100000.0,3.0,1.0,0.0,4.0,17500.0,9450.96
7925751059,2026-04-06T13:00:34Z,audi,2009,114115.0,2.0,1.0,0.0,4.0,6000.0,7127.39
7925906358,2026-04-06T13:00:34Z,subaru,2014,106997.0,2.0,1.0,0.0,4.0,10998.0,8871.79
7925909861,2026-04-06T23:00:08Z,ford,2017,106743.0,,1.0,0.0,4.0,18995.0,17550.88
7925909872,2026-04-06T22:00:07Z,ford,2020,35125.0,,1.0,0.0,4.0,14850.0,18768.05
7925910025,2026-04-06T13:00:34Z,chevrolet,1969,4664.0,,1.0,0.0,4.0,59000.0,69782.03
7925910242,2026-04-06T15:00:41Z,honda,2015,130759.0,,1.0,0.0,4.0,9400.0,8959.08
7925908827,2026-04-06T20:00:05Z,toyota,2013,100775.0,,1.0,2.0,4.0,14800.0,13444.46
7925908910,2026-04-06T14:00:45Z,chevrolet,1988,69541.0,,1.0,0.0,4.0,17500.0,25128.35
7925909825,2026-04-06T23:00:08Z,audi,2020,77916.0,,1.0,0.0,4.0,17980.0,19396.54
7925910253,2026-04-06T22:00:07Z,mercedes-benz,2014,82595.0,,1.0,0.0,4.0,20900.0,19696.12
7925910265,2026-04-06T17:00:05Z,kia,2015,116669.0,,1.0,0.0,4.0,8800.0,9355.59
7925909032,2026-04-06T20:00:05Z,lexus,2006,131986.0,,1.0,0.0,4.0,8900.0,9685.37
7925909885,2026-04-06T22:00:07Z,mercedes-benz,2015,123897.0,,1.0,0.0,4.0,8900.0,10750.97
7925910197,2026-04-06T20:00:05Z,audi,2019,71241.0,,1.0,0.0,4.0,15900.0,16819.02
7925910209,2026-04-06T21:00:06Z,dodge,2016,48019.0,,1.0,0.0,4.0,12850.0,13905.68
7925910285,2026-04-06T20:00:05Z,hyundai,2017,105189.0,,1.0,0.0,4.0,8900.0,8638.34
7925917710,2026-04-06T23:00:08Z,jeep,2018,163000.0,3.0,1.0,0.0,4.0,9500.0,7772.89
7925909044,2026-04-06T23:00:08Z,honda,2016,120070.0,,1.0,0.0,4.0,12990.0,14202.7
7925909837,2026-04-06T21:00:06Z,infiniti,2018,139096.0,,1.0,0.0,4.0,14850.0,13464.85
7925909947,2026-04-06T19:00:05Z,bmw,2018,86540.0,,1.0,0.0,4.0,13500.0,9277.49
7925862253,2026-04-06T22:00:07Z,jeep,2017,92000.0,2.0,1.0,0.0,4.0,11500.0,9571.38
7925909019,2026-04-06T18:00:46Z,chevrolet,2011,178907.0,,1.0,0.0,4.0,8500.0,8320.08
7925909939,2026-04-06T23:00:08Z,ford,2015,92276.0,,1.0,0.0,4.0,10850.0,9002.38
7925910184,2026-04-06T17:00:05Z,bmw,2018,79633.0,,1.0,0.0,4.0,15500.0,17705.78
7925910231,2026-04-06T17:00:05Z,nissan,2020,82675.0,,1.0,0.0,4.0,13800.0,16255.5
7925909002,2026-04-06T23:00:08Z,ford,2014,91374.0,,1.0,0.0,4.0,12300.0,9938.09
7925987763,2026-04-06T18:00:46Z,subaru,2018,175000.0,3.0,1.0,0.0,4.0,7200.0,7948.35
7925910040,2026-04-06T19:00:05Z,chevrolet,1966,59985.0,,1.0,0.0,4.0,69500.0,53218.54
7925910309,2026-04-06T21:00:06Z,lexus,2011,115212.0,,1.0,0.0,4.0,13500.0,14248.14
7925995313,2026-04-06T21:00:06Z,audi,2016,149000.0,3.0,1.0,0.0,4.0,7200.0,10484.58
7925998449,2026-04-06T20:00:05Z,nissan,2009,134000.0,2.0,1.0,0.0,4.0,3285.0,4630.77
7926015068,2026-04-06T23:00:08Z,hyundai,2018,52000.0,2.0,1.0,0.0,4.0,9900.0,18458.96
7925909851,2026-04-06T21:00:06Z,hyundai,2023,108905.0,,1.0,0.0,4.0,16750.0,13730.23
7926035506,2026-04-06T22:00:07Z,honda,2009,149974.0,2.0,1.0,0.0,4.0,6995.0,6190.62
7926046096,2026-04-06T23:00:08Z,chevrolet,2006,121230.0,3.0,1.0,0.0,4.0,2900.0,14605.71
